Sheet_Name,Subunit_Name,Name
F_parcpmaram,parcpmaram,parcpmaram
F_parcpmcast1,parcpmcast1,parcpmcast1
F_parcpmhi,parcpmhi,parcpmhi
F_parcpmssma_xa,parcpmssma_xa,parcpmssma_xa
F_parcpmssmb,parcpmssmb,parcpmssmb
F_parcpmssmc_xa,parcpmssmc_xa,parcpmssmc_xa
F_parcpmssmd_xa,parcpmssmd_xa,parcpmssmd_xa
F_parcpmssme_xa,parcpmssme_xa,parcpmssme_xa
F_parcpmssmf,parcpmssmf,parcpmssmf
F_parcpmssmg_xa,parcpmssmg_xa,parcpmssmg_xa
F_pardinomisc,pardinomisc,pardinomisc
F_pardsa,pardsa,pardsa
F_pariax1,pariax1,pariax1
F_pariax2,pariax2,pariax2
F_pariax3,pariax3,pariax3
F_parnrthpk,parnrthpk,parnrthpk
F_parpsf,parpsf,parpsf
F_par_hqm_credit_hist_pipe,par_hqm_credit_hist_pipe,par_hqm_credit_hist_pipe
F_par_hqm_dir_pipe,par_hqm_dir_pipe,par_hqm_dir_pipe
F_par_hqm_dqed_pipe,par_hqm_dqed_pipe,par_hqm_dqed_pipe
F_par_hqm_iosf,par_hqm_iosf,par_hqm_iosf
F_par_hqm_list_sel_pipe,par_hqm_list_sel_pipe,par_hqm_list_sel_pipe
F_par_hqm_nalb_pipe,par_hqm_nalb_pipe,par_hqm_nalb_pipe
F_par_hqm_qed_pipe,par_hqm_qed_pipe,par_hqm_qed_pipe
F_par_hqm_system,par_hqm_system,par_hqm_system
F_cms3_tall,cms3_tall,cms3_tall
F_scf_ubox_miscpar,scf_ubox_miscpar,scf_ubox_miscpar
F_uboxpar,uboxpar,uboxpar
F_parhcachassis,parhcachassis,parhcachassis
F_parhcapsf,parhcapsf,parhcapsf
F_pariblcse,pariblcse,pariblcse
F_pariblmem,pariblmem,pariblmem
F_pariblsb,pariblsb,pariblsb
F_paribluc,paribluc,paribluc
F_parmc2lmddr,parmc2lmddr,parmc2lmddr
F_parmcdpddr,parmcdpddr,parmcdpddr
F_parmcscbsddr,parmcscbsddr,parmcscbsddr
F_parmcscpqddr,parmcscpqddr,parmcscpqddr
F_mdfs_hchnlp,mdfs_hchnlp,mdfs_hchnlp
F_mdfs_hcp,mdfs_hcp,mdfs_hcp
F_mdfs_hdatap,mdfs_hdatap,mdfs_hdatap
F_mdfs_hpldp,mdfs_hpldp,mdfs_hpldp
F_mdfs_vchnlp,mdfs_vchnlp,mdfs_vchnlp
F_mdfs_vcp,mdfs_vcp,mdfs_vcp
F_mdfs_vdatap,mdfs_vdatap,mdfs_vdatap
F_mdfs_vpldp,mdfs_vpldp,mdfs_vpldp
F_hsphy_wrapper0,hsphy_wrapper0,hsphy_wrapper0
F_hsphy_wrapper1,hsphy_wrapper1,hsphy_wrapper1
F_par_ialcm_dp_top,par_ialcm_dp_top,par_ialcm_dp_top
F_parfblp,parfblp,parfblp
F_parpi5gen4ll,parpi5gen4ll,parpi5gen4ll
F_parpi5gen4pl,parpi5gen4pl,parpi5gen4pl
F_parpi5gen4tl,parpi5gen4tl,parpi5gen4tl
F_parpi5gen5ll,parpi5gen5ll,parpi5gen5ll
F_parpi5gen5tlrx,parpi5gen5tlrx,parpi5gen5tlrx
F_parpi5gen5tltx,parpi5gen5tltx,parpi5gen5tltx
F_parpi5misc,parpi5misc,parpi5misc
F_parpi5psf,parpi5psf,parpi5psf
F_parvnlpif,parvnlpif,parvnlpif
F_parvnpipe,parvnpipe,parvnpipe
F_phb_filler,phb_filler,phb_filler
F_phb_vccfc,phb_vccfc,phb_vccfc
F_phb_vinf,phb_vinf,phb_vinf
F_pmsrvr_arrayp,pmsrvr_arrayp,pmsrvr_arrayp
F_pmsrvr_disptop,pmsrvr_disptop,pmsrvr_disptop
F_pmsrvr_fsmsp,pmsrvr_fsmsp,pmsrvr_fsmsp
F_pmsrvr_ioregsp,pmsrvr_ioregsp,pmsrvr_ioregsp
F_pmsrvr_srctop,pmsrvr_srctop,pmsrvr_srctop
F_pmsrvr_uctldp,pmsrvr_uctldp,pmsrvr_uctldp
F_scf_dummy_miscpar,scf_dummy_miscpar,scf_dummy_miscpar
F_cms3_ncap,cms3_ncap,cms3_ncap
F_m2iosf_iitcpar,m2iosf_iitcpar,m2iosf_iitcpar
F_m2iosf_iommupar,m2iosf_iommupar,m2iosf_iommupar
F_m2iosf_iotcpar,m2iosf_iotcpar,m2iosf_iotcpar
F_m2iosf_irppar,m2iosf_irppar,m2iosf_irppar
F_m2iosf_m2pciepar,m2iosf_m2pciepar,m2iosf_m2pciepar
F_m2iosf_miscpar_iocoh,m2iosf_miscpar_iocoh,m2iosf_miscpar_iocoh
F_plaoobmsm,plaoobmsm,plaoobmsm
F_plaubox,plaubox,plaubox
F_hsphy_wrapper_p,hsphy_wrapper_p,hsphy_wrapper_p
F_ktigen3vnhp,ktigen3vnhp,ktigen3vnhp
F_ktiphlnp,ktiphlnp,ktiphlnp
F_m2upi_bgf_wrapper,m2upi_bgf_wrapper,m2upi_bgf_wrapper
F_m2upichp,m2upichp,m2upichp
F_m2upiddp,m2upiddp,m2upiddp
F_miscp,miscp,miscp
F_cha_chassisp,cha_chassisp,cha_chassisp
F_cha_datap,cha_datap,cha_datap
F_cha_pipep,cha_pipep,cha_pipep
F_cha_pldp,cha_pldp,cha_pldp
F_parmcddbotddr,parmcddbotddr,parmcddbotddr
F_parmcddtopddr,parmcddtopddr,parmcddtopddr
F_parmcdfxbgfddr,parmcdfxbgfddr,parmcdfxbgfddr
F_parmcdfxinfddr,parmcdfxinfddr,parmcdfxinfddr
F_parmchchanddr,parmchchanddr,parmchchanddr
F_parmcsmeeddr,parmcsmeeddr,parmcsmeeddr
F_parmcvchanddr,parmcvchanddr,parmcvchanddr
F_parmmchas,parmmchas,parmmchas
F_parmmegr,parmmegr,parmmegr
F_parmmingr,parmmingr,parmmingr
F_fivrddra,fivrddra,fivrddra
F_gpio_sprsp,gpio_sprsp,gpio_sprsp
F_miscvinf0,miscvinf0,miscvinf0
F_miscvinf1,miscvinf1,miscvinf1
F_sprcgu,sprcgu,sprcgu
F_sprfuse,sprfuse,sprfuse
F_sprglobal_misc,sprglobal_misc,sprglobal_misc
F_dinochnvinf,dinochnvinf,dinochnvinf
F_hch0nfivr0,hch0nfivr0,hch0nfivr0
F_hch0nfivr1,hch0nfivr1,hch0nfivr1
F_hch0nvcfc,hch0nvcfc,hch0nvcfc
F_hch0nvinf,hch0nvinf,hch0nvinf
F_hch1nfivr,hch1nfivr,hch1nfivr
F_hch1nvcfc,hch1nvcfc,hch1nvcfc
F_hch1nvinf,hch1nvinf,hch1nvinf
F_hchvmeshrpt,hchvmeshrpt,hchvmeshrpt
F_hch23nvcfc,hch23nvcfc,hch23nvcfc
F_hch2nfivr,hch2nfivr,hch2nfivr
F_hch2nvcfc,hch2nvcfc,hch2nvcfc
F_hch2nvinf,hch2nvinf,hch2nvinf
F_hch3nfivr,hch3nfivr,hch3nfivr
F_hch3nvcfc,hch3nvcfc,hch3nvcfc
F_hch3nvinf,hch3nvinf,hch3nvinf
F_hch4nvcfc,hch4nvcfc,hch4nvcfc
F_hch4nvinf,hch4nvinf,hch4nvinf
F_mdf_c_h_0,mdf_c_h_0,mdf_c_h_0
F_mdfhfivr,mdfhfivr,mdfhfivr
F_vchinf_mdf41,vchinf_mdf41,vchinf_mdf41
F_hch01svinf,hch01svinf,hch01svinf
F_mdf_c_v_0,mdf_c_v_0,mdf_c_v_0
F_mdfvfivr,mdfvfivr,mdfvfivr
F_hch23svinf,hch23svinf,hch23svinf
F_mcfivr,mcfivr,mcfivr
F_corevinf,corevinf,corevinf
F_fivrcore,fivrcore,fivrcore
F_vchinf_corepair,vchinf_corepair,vchinf_corepair
F_vchinf_mc,vchinf_mc,vchinf_mc
F_vchinf_center,vchinf_center,vchinf_center
F_vchcfc_mdf42,vchcfc_mdf42,vchcfc_mdf42
F_vchinf_mdf42,vchinf_mdf42,vchinf_mdf42
F_vchcfc_mdf43,vchcfc_mdf43,vchcfc_mdf43
F_vchinf_mdf43,vchinf_mdf43,vchinf_mdf43
F_vchcfc_mdf44,vchcfc_mdf44,vchcfc_mdf44
F_llcp,llcp,llcp
F_sfp,sfp,sfp
